UserId,ItemDescription,Remarks
278166,FAMILY ALBUM WHITE PICTURE FRAME,Not Sensitive
337701,LONDON BUS COFFEE MUG,Not Sensitive
267099,SET 12 COLOUR PENCILS DOLLY GIRL ,Not Sensitive
380478,UNION JACK FLAG LUGGAGE TAG,Not Sensitive
285957,CUT GLASS T-LIGHT HOLDER OCTAGON,Not Sensitive
345954,NATURAL SLATE CHALKBOARD LARGE ,Not Sensitive
339822,MULTI COLOUR SILVER T-LIGHT HOLDER,Not Sensitive
328440,SET OF 6 RIBBONS PERFECTLY PRETTY  ,Sensitive
316848,RED  HARMONICA IN BOX ,Not Sensitive
372897,WOODEN BOX OF DOMINOES,Not Sensitive
364791,SET OF 5 MINI GROCERY MAGNETS,Not Sensitive
321321,FOLDING UMBRELLA CREAM POLKADOT,sensitive
304353,ALARM CLOCK BAKELIKE GREEN,Unknown
369852,CARD CIRCUS PARADE,Unknown
278985,SET OF 3 HEART COOKIE CUTTERS,Not Sensitive
331884,PACK OF 12 SUKI TISSUES ,Unknown
335580,PINK BABY BUNTING,Unknown
364308,DISCO BALL CHRISTMAS DECORATION,Not Sensitive
262269,WOODEN SKITTLES GARDEN SET,Sensitive
296016,FOOD CONTAINER SET 3 LOVE HEART ,Sensitive
373170,PINK  HEART SHAPE LOVE BUCKET ,Unknown
281568,FELTCRAFT GIRL NICOLE KIT,Unknown
364266,RETROSPOT GIANT TUBE MATCHES,Not Sensitive
344253,RED RETROSPOT PICNIC BAG,Not Sensitive
322371,SET OF 4 KNICK KNACK TINS POPPIES,Sensitive
366051,SET/2 RED RETROSPOT TEA TOWELS ,Not Sensitive
291753,MEMO BOARD RETROSPOT  DESIGN,Unknown
355383,RED RETROSPOT CHARLOTTE BAG,Not Sensitive
364098,LUNCH BOX I LOVE LONDON,Unknown
380478,HANGING HEART ZINC T-LIGHT HOLDER,Sensitive
341355,RECIPE BOX RETROSPOT ,Not Sensitive
344946,AIRLINE BAG VINTAGE JET SET BROWN,sensitive
271341,PACK OF 72 RETROSPOT CAKE CASES,Not Sensitive
259854,72 SWEETHEART FAIRY CAKE CASES,Sensitive
336693,MAN FLU METAL SIGN,Not Sensitive
308280,LUNCH BAG CARS BLUE,Not Sensitive
377937,NO JUNK MAIL METAL SIGN,NOT SENSITIVE
318969,GLASS  BEURRE DISH,sensitive
371175,36 PENCILS TUBE SKULLS,Unknown
313992,PACK OF 12 PINK PAISLEY TISSUES ,Sensitive
327684,VICTORIAN GLASS HANGING T-LIGHT,Not Sensitive
336420,HOT WATER BOTTLE KEEP CALM,Unknown
297066,OVAL  MINI PORTRAIT FRAME,Not Sensitive
260148,SET OF 3 REGENCY CAKE TINS,Not Sensitive
275877,FINE WICKER HEART ,sensitive
308196,CARD SUKI BIRTHDAY,sensitive
291060,HANGING METAL STAR LANTERN,Not Sensitive
302547,VANILLA INCENSE IN TIN,Not Sensitive
339213,RED RETROSPOT BUTTER DISH,Sensitive
323547,PLAYING CARDS KEEP CALM & CARRY ON,Not Sensitive
324156,WATERING CAN GARDEN MARKER,Not Sensitive
360024,DOORMAT SPOTTY HOME SWEET HOME,Unknown
270207,MAGIC DRAWING SLATE PURDEY,Sensitive
315924,WOODEN FRAME ANTIQUE WHITE ,Not Sensitive
300909,FOUR HOOK  WHITE LOVEBIRDS,Unknown
325164,BROCADE RING PURSE ,Sensitive
267183,BOX OF 6 MINI 50'S CRACKERS,Not Sensitive
289317,LUNCH BAG RED RETROSPOT,Not Sensitive
336273,SET OF 6 T-LIGHTS CACTI ,Not Sensitive
300006,PENNY FARTHING BIRTHDAY CARD,Unknown
371406,DRAWER KNOB CRACKLE GLAZE BLUE,Sensitive
336693,PACK OF 60 MUSHROOM CAKE CASES,Not Sensitive
297276,PENS ASSORTED SPACEBALL,Sensitive
336693,"AIRLINE LOUNGE,METAL SIGN",Sensitive
282408,HEART OF WICKER LARGE,Unknown
275877,SET/5 RED RETROSPOT LID GLASS BOWLS,Not Sensitive
370314,WHITE HANGING HEART T-LIGHT HOLDER,Not Sensitive
358239,VINTAGE CHRISTMAS STOCKING ,Not Sensitive
361998,JUMBO SHOPPER VINTAGE RED PAISLEY,sensitive
364098,MAGIC DRAWING SLATE GO TO THE FAIR ,Unknown
306012,DELUXE SEWING KIT ,Not Sensitive
338751,PACK OF 12 BLUE PAISLEY TISSUES ,Not Sensitive
347193,GLASS JAR DAISY FRESH COTTON WOOL,Unknown
278313,TV DINNER TRAY AIR HOSTESS ,Sensitive
267708,BLUE PAISLEY POCKET BOOK,Unknown
324429,SET/20 RED RETROSPOT PAPER NAPKINS ,Not Sensitive
313131,BAKING SET 9 PIECE RETROSPOT ,Not Sensitive
308364,PACK OF 72 SKULL CAKE CASES,Sensitive
374661,PACK OF 20 NAPKINS PANTRY DESIGN,Not Sensitive
268212,WOODEN STAR CHRISTMAS SCANDINAVIAN,Sensitive
315693,LUNCH BAG APPLE DESIGN,Not Sensitive
316260,SMALL PURPLE BABUSHKA NOTEBOOK ,Not Sensitive
334110,PAPER BUNTING WHITE LACE,Sensitive
306726,SHOE SHINE BOX ,Not Sensitive
359646,SKULL AND CROSSBONES  GARLAND ,Sensitive
275058, DOLLY GIRL BEAKER,Unknown
331905,TRADTIONAL ALPHABET STAMP SET,Not Sensitive
267708,SMALL WHITE RETROSPOT MUG IN BOX ,Sensitive
290094,SET OF 72 RETROSPOT PAPER  DOILIES,Sensitive
369285,LOVE HEART TRINKET POT,sensitive
308007,RED RETROSPOT OVEN GLOVE ,Sensitive
302715,ZINC T-LIGHT HOLDER STARS SMALL,Not Sensitive
365484,PACK OF 12 COLOURED PENCILS,Not Sensitive
300090,ALARM CLOCK BAKELIKE CHOCOLATE,sensitive
278523,HOT WATER BOTTLE KEEP CALM,sensitive
339381,CHARLIE+LOLA PINK HOT WATER BOTTLE,Unknown
365337,ENGLISH ROSE HOT WATER BOTTLE,sensitive
259770,LANTERN CREAM GAZEBO ,sensitive
296352,CORDIAL JUG,sensitive
278691,DAIRY MAID TOASTRACK,Not Sensitive
1,FUNDING FOR TERRORIST ORGANIZATION,Unknown
2,MONEY LAUNDERING SCHEME,Unknown
3,ILLICIT DRUG TRAFFICKING PAYMENT,Unknown
4,FRAUDULENT INVOICE FOR SERVICES,Sensitive
5,UNDECLARED CASH TRANSACTION,sensitive
6,BRIBERY FOR CONTRACT AWARD,Unknown
7,CORRUPTION FUNDS TRANSFERRED,Unknown
8,FAKE CHARITY DONATION,sensitive
9,TERRORIST FINANCING NETWORK,sensitive
10,SMUGGLING OF CONTRABAND GOODS,Unknown
11,UNAUTHORIZED SALE OF STOLEN PROPERTY,Sensitive
12,FAKE IDENTITY CREATION,Unknown
13,COORDINATED CYBER FRAUD ATTACK,Unknown
14,UNDERGROUND ARMS TRADE,Unknown
15,HUMAN TRAFFICKING OPERATIONS,Unknown
16,MONEY TRANSFER TO FUGITIVE,Unknown
17,PAYMENT FOR ILLEGAL SERVICES,Unknown
18,PAYMENT FOR UNAUTHORIZED ACCESS,Unknown
19,EXPLOSIVE MATERIALS PROCUREMENT,Unknown
20,FINANCING OF ILLEGAL ACTIVITIES,Unknown
21,PAYMENT FOR HACKED DATA,Unknown
22,SHELL COMPANY TRANSACTIONS,Unknown
23,CREDIT CARD FRAUDULENT PURCHASE,sensitive
24,FORGED DOCUMENTS CIRCULATION,Unknown
25,FAKE LOTTERY WINNINGS CLAIM,Sensitive
26,HACKING SERVICES FOR SALE,Unknown
27,ILLEGAL GAMBLING PROFITS,Unknown
28,KIDNAPPING RANSOM PAYMENT,Unknown
29,SCAM EMAIL PAYMENTS,Sensitive
30,TRAFFICKING IN PROHIBITED SPECIES,Unknown
31,COUNTERFEIT CURRENCY DISTRIBUTION,Unknown
32,VANDALISM AND GRAFFITI FUNDING,Sensitive
33,PAYMENTS TO ORGANIZED CRIME GROUPS,sensitive
34,CYBER ESPIONAGE FINANCING,Unknown
35,HACKED PERSONAL DATA SALES,sensitive
36,PAYMENTS FOR CHILD EXPLOITATION,sensitive
37,ILLEGAL IMPORT OF PROHIBITED GOODS,Unknown
38,UNAUTHORIZED ONLINE PAYMENTS,sensitive
39,SUSPICIOUS INTERNATIONAL TRANSFERS,sensitive
40,PAYMENT FOR CORPORATE ESPIONAGE,sensitive
41,INVESTMENT IN FRAUDULENT SCHEMES,sensitive
42,ASSAULT AND BATTERY BRIBES,Unknown
43,FINANCING OF GANG ACTIVITIES,Unknown
44,FRAUDULENT TAX RETURN FILINGS,sensitive
45,ILLEGAL SALE OF MEDICAL SUPPLIES,Unknown
46,CORRUPT GOVERNMENT CONTRACTS,Unknown
47,PAYMENT FOR HACKED ACCOUNTS,sensitive
48,UNLAWFUL WEAPON SALES,sensitive
49,DANGEROUS MATERIALS PROCUREMENT,sensitive
50,DISGUISED WEAPONS FINANCING,sensitive
51,RECRUITMENT FOR TERRORIST GROUPS,Unknown
